lura,sebjehbuz@omsiah.io
jorge,guctojti@fej.gov
martin,ulnitnut@kideped.edu
harriett,honij@tukef.com
theresa,vuti@kalziva.com
christina,jobovmur@esieg.io
shawn,pare@zo.edu
harriet,curmerse@iju.com
lula,fielowok@jakkuvje.org
rose,pusputgip@huwsettah.org
dustin,pufrib@ihu.com
dorothy,alilapek@vilvada.com
marvin,guh@uze.io
maurice,mowided@wo.io
austin,kej@ago.net
lucas,puotfor@luhivow.co.uk
corey,hutmazo@huz.org
sara,eto@datodu.org
esther,jergugop@dumek.com
belle,gas@ewhetpa.edu
adeline,sicke@kuka.co.uk
adelaide,teseve@ej.org
jacob,fiuje@fowale.co.uk
leo,nopapi@zacoz.com
elmer,kisna@veb.net
russell,ad@fuc.io
douglas,dita@roc.gov
gregory,ucpa@puhiir.org
roy,ahe@fed.net
keith,ji@ka.edu
carolyn,lah@perafge.edu
nettie,wezopoed@ku.com
lloyd,fu@honvatid.co.uk
john,wa@guwnacigu.io
mollie,fusconne@dofjil.com
hulda,waw@tevocer.com
dale,fedhed@matjegnuc.net
kevin,jarav@lo.edu
claudia,sewjocas@wo.org
franklin,sogwapes@cot.net
ida,pu@coblok.net
johnny,mu@dilegi.org
chris,wojipga@gotilgi.net
henrietta,ragu@eboziice.gov
mary,juzukez@fe.org
herbert,teuc@lo.gov
glen,leci@is.io
shane,jik@mewiuha.org
mamie,vap@remtij.org
ollie,togoj@micuc.org
johnny,bepuzko@zebuhce.gov
antonio,wuw@nurtanfu.edu
ida,fovihbip@ewuit.co.uk
lida,ikowi@azbep.net
clyde,culicid@mi.co.uk
eva,zarutakog@fefiti.edu
martha,azipu@hutunuw.org
ollie,makid@rofigoki.gov
mattie,ih@lep.com
mattie,uvukuf@hiut.gov
zachary,oka@um.edu
thomas,rof@so.org
aaron,dutah@vobij.com
henrietta,ni@pi.edu
don,kafetwo@et.gov
mable,bo@ezi.org
rhoda,bedpo@unoosmug.io
sara,wezedfek@rib.io
nathan,pivgov@nitenta.org
sue,tezhoka@vigfeplu.gov
etta,ebneza@kanpo.net
eddie,fe@nama.org
gregory,bini@seg.net
sophie,acufo@wi.edu
alexander,hepubep@zakeac.com
gertrude,hiznonuj@icgiwbe.org
chase,golum@vihmewop.com
mitchell,fe@vifsu.org
effie,ho@okuhueb.gov
noah,topunmo@ajago.gov
nettie,cij@oma.org
amanda,tehoro@il.org
cory,nibje@tov.io
cornelia,gu@dojogib.io
rosalie,hi@ekejaweg.gov
essie,lu@littapag.org
bradley,co@ori.com
jean,venwajwu@jirlib.edu
maude,varusi@lihafa.io
ella,gi@geepeti.co.uk
myra,olulersic@jovativ.net
nellie,ja@ho.gov
brent,tikew@oru.com
mabel,mu@ruwasi.co.uk
